[{"model": "admin.logentry", "pk": 1, "fields": {"action_time": "2022-10-27T09:25:53.495Z", "user": 2, "content_type": 4, "object_id": "3", "object_repr": "nishitha", "action_flag": 1, "change_message": "[{\"added\": {}}]"}}, {"model": "admin.logentry", "pk": 2, "fields": {"action_time": "2022-10-27T09:26:33.405Z", "user": 2, "content_type": 4, "object_id": "3", "object_repr": "nishitha", "action_flag": 2, "change_message": "[{\"changed\": {\"fields\": [\"Staff status\", \"Superuser status\"]}}]"}}, {"model": "admin.logentry", "pk": 3, "fields": {"action_time": "2022-10-27T09:48:48.723Z", "user": 2, "content_type": 4, "object_id": "5", "object_repr": "testtwo", "action_flag": 2, "change_message": "[{\"changed\": {\"fields\": [\"Staff status\"]}}]"}}, {"model": "admin.logentry", "pk": 4, "fields": {"action_time": "2022-10-27T09:50:35.710Z", "user": 2, "content_type": 4, "object_id": "4", "object_repr": "testone", "action_flag": 2, "change_message": "[{\"changed\": {\"fields\": [\"password\"]}}]"}}, {"model": "admin.logentry", "pk": 5, "fields": {"action_time": "2022-10-27T09:51:55.856Z", "user": 2, "content_type": 4, "object_id": "5", "object_repr": "testtwo", "action_flag": 3, "change_message": ""}}, {"model": "admin.logentry", "pk": 6, "fields": {"action_time": "2022-10-27T09:52:08.294Z", "user": 2, "content_type": 4, "object_id": "1", "object_repr": "dfsdffghgfh", "action_flag": 3, "change_message": ""}}, {"model": "admin.logentry", "pk": 7, "fields": {"action_time": "2022-10-27T19:35:15.544Z", "user": 2, "content_type": 4, "object_id": "7", "object_repr": "test123", "action_flag": 3, "change_message": ""}}, {"model": "admin.logentry", "pk": 8, "fields": {"action_time": "2022-10-27T22:37:34.797Z", "user": 2, "content_type": 4, "object_id": "8", "object_repr": "test123", "action_flag": 3, "change_message": ""}}, {"model": "admin.logentry", "pk": 9, "fields": {"action_time": "2022-10-27T22:49:02.537Z", "user": 2, "content_type": 4, "object_id": "9", "object_repr": "test123", "action_flag": 2, "change_message": "[{\"changed\": {\"fields\": [\"Staff status\"]}}]"}}, {"model": "admin.logentry", "pk": 10, "fields": {"action_time": "2022-10-27T22:49:35.883Z", "user": 2, "content_type": 4, "object_id": "4", "object_repr": "testone", "action_flag": 3, "change_message": ""}}, {"model": "admin.logentry", "pk": 11, "fields": {"action_time": "2022-10-27T23:36:14.244Z", "user": 2, "content_type": 4, "object_id": "9", "object_repr": "test123", "action_flag": 2, "change_message": "[{\"changed\": {\"fields\": [\"password\"]}}]"}}, {"model": "admin.logentry", "pk": 12, "fields": {"action_time": "2022-10-28T14:40:43.702Z", "user": 2, "content_type": 7, "object_id": "2", "object_repr": "test100", "action_flag": 3, "change_message": ""}}, {"model": "admin.logentry", "pk": 13, "fields": {"action_time": "2022-10-29T18:35:38.541Z", "user": 2, "content_type": 7, "object_id": "4", "object_repr": "test100", "action_flag": 3, "change_message": ""}}, {"model": "admin.logentry", "pk": 14, "fields": {"action_time": "2022-11-03T13:20:33.457Z", "user": 2, "content_type": 8, "object_id": "1", "object_repr": "test grp", "action_flag": 1, "change_message": "[{\"added\": {}}]"}}, {"model": "admin.logentry", "pk": 15, "fields": {"action_time": "2022-11-03T13:20:43.335Z", "user": 2, "content_type": 8, "object_id": "1", "object_repr": "test grp", "action_flag": 2, "change_message": "[]"}}, {"model": "admin.logentry", "pk": 16, "fields": {"action_time": "2022-11-03T13:20:48.032Z", "user": 2, "content_type": 8, "object_id": "1", "object_repr": "test grp", "action_flag": 2, "change_message": "[]"}}, {"model": "admin.logentry", "pk": 17, "fields": {"action_time": "2022-11-03T13:22:00.626Z", "user": 2, "content_type": 8, "object_id": "1", "object_repr": "test grp", "action_flag": 3, "change_message": ""}}, {"model": "admin.logentry", "pk": 18, "fields": {"action_time": "2022-11-17T18:35:12.183Z", "user": 2, "content_type": 4, "object_id": "9", "object_repr": "test123", "action_flag": 2, "change_message": "[{\"changed\": {\"fields\": [\"Staff status\"]}}]"}}, {"model": "admin.logentry", "pk": 19, "fields": {"action_time": "2022-12-01T05:34:35.427Z", "user": 2, "content_type": 4, "object_id": "12", "object_repr": "testuser", "action_flag": 2, "change_message": "[{\"changed\": {\"fields\": [\"Staff status\"]}}]"}}, {"model": "admin.logentry", "pk": 20, "fields": {"action_time": "2022-12-01T05:38:22.354Z", "user": 2, "content_type": 4, "object_id": "12", "object_repr": "testuser", "action_flag": 2, "change_message": "[{\"changed\": {\"fields\": [\"Superuser status\"]}}]"}}, {"model": "auth.permission", "pk": 1, "fields": {"name": "Can add log entry", "content_type": 1, "codename": "add_logentry"}}, {"model": "auth.permission", "pk": 2, "fields": {"name": "Can change log entry", "content_type": 1, "codename": "change_logentry"}}, {"model": "auth.permission", "pk": 3, "fields": {"name": "Can delete log entry", "content_type": 1, "codename": "delete_logentry"}}, {"model": "auth.permission", "pk": 4, "fields": {"name": "Can view log entry", "content_type": 1, "codename": "view_logentry"}}, {"model": "auth.permission", "pk": 5, "fields": {"name": "Can add permission", "content_type": 2, "codename": "add_permission"}}, {"model": "auth.permission", "pk": 6, "fields": {"name": "Can change permission", "content_type": 2, "codename": "change_permission"}}, {"model": "auth.permission", "pk": 7, "fields": {"name": "Can delete permission", "content_type": 2, "codename": "delete_permission"}}, {"model": "auth.permission", "pk": 8, "fields": {"name": "Can view permission", "content_type": 2, "codename": "view_permission"}}, {"model": "auth.permission", "pk": 9, "fields": {"name": "Can add group", "content_type": 3, "codename": "add_group"}}, {"model": "auth.permission", "pk": 10, "fields": {"name": "Can change group", "content_type": 3, "codename": "change_group"}}, {"model": "auth.permission", "pk": 11, "fields": {"name": "Can delete group", "content_type": 3, "codename": "delete_group"}}, {"model": "auth.permission", "pk": 12, "fields": {"name": "Can view group", "content_type": 3, "codename": "view_group"}}, {"model": "auth.permission", "pk": 13, "fields": {"name": "Can add user", "content_type": 4, "codename": "add_user"}}, {"model": "auth.permission", "pk": 14, "fields": {"name": "Can change user", "content_type": 4, "codename": "change_user"}}, {"model": "auth.permission", "pk": 15, "fields": {"name": "Can delete user", "content_type": 4, "codename": "delete_user"}}, {"model": "auth.permission", "pk": 16, "fields": {"name": "Can view user", "content_type": 4, "codename": "view_user"}}, {"model": "auth.permission", "pk": 17, "fields": {"name": "Can add content type", "content_type": 5, "codename": "add_contenttype"}}, {"model": "auth.permission", "pk": 18, "fields": {"name": "Can change content type", "content_type": 5, "codename": "change_contenttype"}}, {"model": "auth.permission", "pk": 19, "fields": {"name": "Can delete content type", "content_type": 5, "codename": "delete_contenttype"}}, {"model": "auth.permission", "pk": 20, "fields": {"name": "Can view content type", "content_type": 5, "codename": "view_contenttype"}}, {"model": "auth.permission", "pk": 21, "fields": {"name": "Can add session", "content_type": 6, "codename": "add_session"}}, {"model": "auth.permission", "pk": 22, "fields": {"name": "Can change session", "content_type": 6, "codename": "change_session"}}, {"model": "auth.permission", "pk": 23, "fields": {"name": "Can delete session", "content_type": 6, "codename": "delete_session"}}, {"model": "auth.permission", "pk": 24, "fields": {"name": "Can view session", "content_type": 6, "codename": "view_session"}}, {"model": "auth.permission", "pk": 25, "fields": {"name": "Can add friend", "content_type": 7, "codename": "add_friend"}}, {"model": "auth.permission", "pk": 26, "fields": {"name": "Can change friend", "content_type": 7, "codename": "change_friend"}}, {"model": "auth.permission", "pk": 27, "fields": {"name": "Can delete friend", "content_type": 7, "codename": "delete_friend"}}, {"model": "auth.permission", "pk": 28, "fields": {"name": "Can view friend", "content_type": 7, "codename": "view_friend"}}, {"model": "auth.permission", "pk": 29, "fields": {"name": "Can add group", "content_type": 8, "codename": "add_group"}}, {"model": "auth.permission", "pk": 30, "fields": {"name": "Can change group", "content_type": 8, "codename": "change_group"}}, {"model": "auth.permission", "pk": 31, "fields": {"name": "Can delete group", "content_type": 8, "codename": "delete_group"}}, {"model": "auth.permission", "pk": 32, "fields": {"name": "Can view group", "content_type": 8, "codename": "view_group"}}, {"model": "auth.permission", "pk": 33, "fields": {"name": "Can add membership", "content_type": 9, "codename": "add_membership"}}, {"model": "auth.permission", "pk": 34, "fields": {"name": "Can change membership", "content_type": 9, "codename": "change_membership"}}, {"model": "auth.permission", "pk": 35, "fields": {"name": "Can delete membership", "content_type": 9, "codename": "delete_membership"}}, {"model": "auth.permission", "pk": 36, "fields": {"name": "Can view membership", "content_type": 9, "codename": "view_membership"}}, {"model": "auth.permission", "pk": 37, "fields": {"name": "Can add message", "content_type": 10, "codename": "add_message"}}, {"model": "auth.permission", "pk": 38, "fields": {"name": "Can change message", "content_type": 10, "codename": "change_message"}}, {"model": "auth.permission", "pk": 39, "fields": {"name": "Can delete message", "content_type": 10, "codename": "delete_message"}}, {"model": "auth.permission", "pk": 40, "fields": {"name": "Can view message", "content_type": 10, "codename": "view_message"}}, {"model": "auth.permission", "pk": 41, "fields": {"name": "Can add profile", "content_type": 11, "codename": "add_profile"}}, {"model": "auth.permission", "pk": 42, "fields": {"name": "Can change profile", "content_type": 11, "codename": "change_profile"}}, {"model": "auth.permission", "pk": 43, "fields": {"name": "Can delete profile", "content_type": 11, "codename": "delete_profile"}}, {"model": "auth.permission", "pk": 44, "fields": {"name": "Can view profile", "content_type": 11, "codename": "view_profile"}}, {"model": "auth.permission", "pk": 45, "fields": {"name": "Can add transaction", "content_type": 12, "codename": "add_transaction"}}, {"model": "auth.permission", "pk": 46, "fields": {"name": "Can change transaction", "content_type": 12, "codename": "change_transaction"}}, {"model": "auth.permission", "pk": 47, "fields": {"name": "Can delete transaction", "content_type": 12, "codename": "delete_transaction"}}, {"model": "auth.permission", "pk": 48, "fields": {"name": "Can view transaction", "content_type": 12, "codename": "view_transaction"}}, {"model": "auth.permission", "pk": 49, "fields": {"name": "Can add contact", "content_type": 13, "codename": "add_contact"}}, {"model": "auth.permission", "pk": 50, "fields": {"name": "Can change contact", "content_type": 13, "codename": "change_contact"}}, {"model": "auth.permission", "pk": 51, "fields": {"name": "Can delete contact", "content_type": 13, "codename": "delete_contact"}}, {"model": "auth.permission", "pk": 52, "fields": {"name": "Can view contact", "content_type": 13, "codename": "view_contact"}}, {"model": "auth.user", "pk": 2, "fields": {"password": "pbkdf2_sha256$390000$AA4QDdD6CxfVsKCBAEyoLA$Mf0wrBHBrRnSOuGbh3Alkz3EIonJuW4KJuBMeZHtmZM=", "last_login": "2022-12-01T05:34:10.386Z", "is_superuser": true, "username": "ashok", "first_name": "", "last_name": "", "email": "", "is_staff": true, "is_active": true, "date_joined": "2022-10-27T09:23:47.778Z", "groups": [], "user_permissions": []}}, {"model": "auth.user", "pk": 3, "fields": {"password": "pbkdf2_sha256$390000$iB42Ll2AYc8dubBTZCNOp3$mxy0SJgwSuQoJXDhC3kEHaJckiMrPo9jpK6h8OJ7dNk=", "last_login": "2022-10-29T22:23:12.669Z", "is_superuser": true, "username": "nishitha", "first_name": "", "last_name": "", "email": "", "is_staff": true, "is_active": true, "date_joined": "2022-10-27T09:25:53Z", "groups": [], "user_permissions": []}}, {"model": "auth.user", "pk": 6, "fields": {"password": "test@123", "last_login": null, "is_superuser": false, "username": "abcd100", "first_name": "", "last_name": "", "email": "abcd100@gmail.com", "is_staff": false, "is_active": true, "date_joined": "2022-10-27T09:56:52.710Z", "groups": [], "user_permissions": []}}, {"model": "auth.user", "pk": 9, "fields": {"password": "pbkdf2_sha256$390000$ql0pTkXAKn4DrNrHzgo74c$m6bQvUaxdXTz+lEJIf/4FKB38aglF9OWGceKG23H2Pk=", "last_login": "2022-10-27T23:36:36Z", "is_superuser": false, "username": "test123", "first_name": "test", "last_name": "123", "email": "test123@gmail.com", "is_staff": false, "is_active": true, "date_joined": "2022-10-27T22:42:38Z", "groups": [], "user_permissions": []}}, {"model": "auth.user", "pk": 10, "fields": {"password": "pbkdf2_sha256$390000$61f9Pjx385VfHU4ejT8JbH$75VaMlEvckaE/JnFljcvI4oyaPlRJXBdgmx3epfRaRk=", "last_login": "2022-12-05T21:14:43.996Z", "is_superuser": false, "username": "test100", "first_name": "test", "last_name": "100", "email": "test100@gmail.com", "is_staff": false, "is_active": true, "date_joined": "2022-10-27T23:38:20.549Z", "groups": [], "user_permissions": []}}, {"model": "auth.user", "pk": 11, "fields": {"password": "pbkdf2_sha256$390000$nJdvVlch0hN4aSdzJoplFc$4Rw6OVh72tmvbcLhG8KVCtJrjhWPpf2sXYGFmATEDV4=", "last_login": null, "is_superuser": false, "username": "BhuvanKashetty", "first_name": "Bhuvan", "last_name": "Kashetty", "email": "nishithakommula2@gmail.com", "is_staff": false, "is_active": true, "date_joined": "2022-11-11T00:23:25.106Z", "groups": [], "user_permissions": []}}, {"model": "auth.user", "pk": 12, "fields": {"password": "pbkdf2_sha256$390000$kOiNuN2YfD76hjQU1vhEFR$YwXCZ1J/x2TWO4yeoHJeEyI/YEdylmVsPHlrwP2hI7o=", "last_login": "2022-12-01T05:01:57Z", "is_superuser": true, "username": "testuser", "first_name": "test", "last_name": "user", "email": "testuser@gmail.com", "is_staff": true, "is_active": true, "date_joined": "2022-12-01T05:01:45Z", "groups": [], "user_permissions": []}}, {"model": "auth.user", "pk": 13, "fields": {"password": "pbkdf2_sha256$390000$r9jwfu7JCTv1yfHvj579y3$VpW9STOW/P36uGnh3yQ1zf6DuNIFTz4p/6ARqGoLf0k=", "last_login": "2022-12-01T06:13:40.208Z", "is_superuser": false, "username": "user1234", "first_name": "user", "last_name": "1234", "email": "user1234@gmail.com", "is_staff": false, "is_active": true, "date_joined": "2022-12-01T06:13:22.693Z", "groups": [], "user_permissions": []}}, {"model": "sessions.session", "pk": "0eaj6dvtkxja6gg69pbh7p5mojjbjawe", "fields": {"session_data": ".eJxVjEsOwjAMBe-SNYrsJg0JS_acIbJjQwqokfpZIe4OlbqA7ZuZ9zKZ1qXmddYpD2JOBsEcfkem8tBxI3Kn8dZsaeMyDWw3xe50tpcm-jzv7t9Bpbl-644IFMQlRvVQepSAngSEUscakAW7a89BXSBkcpR89BECHGNJfSTz_gAURTgQ:1p0bW9:DoTfw-dXC5hXuQGiP-QxkpaFMVXKOgIbweCZEvoZjzA", "expire_date": "2022-12-15T04:49:49.162Z"}}, {"model": "sessions.session", "pk": "7vf6cv8098whdiez0e8t4c33hpb4qpav", "fields": {"session_data": "e30:1oo4kM:VGQVfy0smdbT8Bkd96CjvrUjUkgF0DxoX3lm4dnqsdc", "expire_date": "2022-11-10T15:24:42.738Z"}}, {"model": "sessions.session", "pk": "7zi6ikxzsirz5csxtz3fmf9l71zamy26", "fields": {"session_data": ".eJxVjMsOwiAQRf-FtSHQDmVw6d5vaAZmkKqBpI-V8d-1SRe6veec-1IjbWsZt0XmcWJ1Vr06_W6R0kPqDvhO9dZ0anWdp6h3RR900dfG8rwc7t9BoaV8a-fRAvXQQWcMeMAYg5VeHDp2iRISMPmBMRjMg0FHDFZyyBRShzSo9we8tjeD:1oottP:ORES5lz8pzrrYqJdfQbqAeudcT-xiQWI9ZovRjNnp3I", "expire_date": "2022-11-12T22:01:27.605Z"}}, {"model": "sessions.session", "pk": "9bq7v0tipn71bc24vh4jqi3w6e2nib9c", "fields": {"session_data": "e30:1oo4YY:BFj49rYjlEEGxm4kfNCEgEQJBUKv7GmiajOMHpheGfY", "expire_date": "2022-11-10T15:12:30.344Z"}}, {"model": "sessions.session", "pk": "9wd4b8wq459bo7xr4p8a2v105001hc99", "fields": {"session_data": ".eJxVjDsOwjAQBe_iGln-Ze1Q0nMGa7O7wQHkSHFSIe4OkVJA-2bmvVTGbS15a7LkidVZWa9Ov-OA9JC6E75jvc2a5rou06B3RR-06evM8rwc7t9BwVa-de89iUs9E3WSEkIYESgxejFBrIzRW4pJElhAB2IIgKwJ0XDnMDr1_gAZ9DgL:1p0cpI:zkeiQNtWaecoJ7K2u_I2NwkH0yDnOVXJCqZYD9WNXxI", "expire_date": "2022-12-15T06:13:40.220Z"}}, {"model": "sessions.session", "pk": "an3jqjr29zb07l98lh50f0g943sh8tfu", "fields": {"session_data": ".eJxVjDsOwjAQBe_iGln2-htKes5g7fqDA8iW4qRC3B0ipYD2zcx7sYDbWsM28hLmxM4M2Ol3I4yP3HaQ7thuncfe1mUmviv8oINfe8rPy-H-HVQc9VtLiUIRageeKCZNoChmkUBYKSn76Iz1k6MCBXHyThWtLXljCloki-z9Ae1iOFI:1oorEz:_fcgeJ5qOb-mjD-2srYZaMtC9MUvlZ_VI-YRCgfCo4c", "expire_date": "2022-11-12T19:11:33.978Z"}}, {"model": "sessions.session", "pk": "bfkiozltdbs72x2gjunwrzc6yhgtkgjw", "fields": {"session_data": ".eJxVjDsOwjAQBe_iGln2-htKes5g7fqDA8iW4qRC3B0ipYD2zcx7sYDbWsM28hLmxM4M2Ol3I4yP3HaQ7thuncfe1mUmviv8oINfe8rPy-H-HVQc9VtLiUIRageeKCZNoChmkUBYKSn76Iz1k6MCBXHyThWtLXljCloki-z9Ae1iOFI:1onzX1:4appsjXFl7mliV_EEMpDQzGkyeUofq4lhUKdlafIb4Y", "expire_date": "2022-11-10T09:50:35.760Z"}}, {"model": "sessions.session", "pk": "bkcv3xyvlbv4d2mnr4kmecbuussmeyeb", "fields": {"session_data": ".eJxVjEsOwjAMBe-SNYrsJg0JS_acIbJjQwqokfpZIe4OlbqA7ZuZ9zKZ1qXmddYpD2JOBsEcfkem8tBxI3Kn8dZsaeMyDWw3xe50tpcm-jzv7t9Bpbl-644IFMQlRvVQepSAngSEUscakAW7a89BXSBkcpR89BECHGNJfSTz_gAURTgQ:1ovjkB:y0mzsVLLN69CAx21iU-84KXGbpWmOEwN8yxjHWDH6M0", "expire_date": "2022-12-01T18:36:11.378Z"}}, {"model": "sessions.session", "pk": "d8lc5les416m12euhg996dshs3fgin63", "fields": {"session_data": ".eJxVjDsOwjAQBe_iGln2-htKes5g7fqDA8iW4qRC3B0ipYD2zcx7sYDbWsM28hLmxM4M2Ol3I4yP3HaQ7thuncfe1mUmviv8oINfe8rPy-H-HVQc9VtLiUIRageeKCZNoChmkUBYKSn76Iz1k6MCBXHyThWtLXljCloki-z9Ae1iOFI:1ovkC4:jhi5YMhU01WxCWGN7MtRNrSSZtpyZeksutUJB5V21-U", "expire_date": "2022-12-01T19:05:00.706Z"}}, {"model": "sessions.session", "pk": "eo5eil6gub8zq9e49z4giirgd69jrei2", "fields": {"session_data": ".eJxVjEsOwjAMBe-SNYrsJg0JS_acIbJjQwqokfpZIe4OlbqA7ZuZ9zKZ1qXmddYpD2JOBsEcfkem8tBxI3Kn8dZsaeMyDWw3xe50tpcm-jzv7t9Bpbl-644IFMQlRvVQepSAngSEUscakAW7a89BXSBkcpR89BECHGNJfSTz_gAURTgQ:1p0WZN:eImn97C7HeB_zjEzNGx9laikJU2DND_6x8E9mjToa0Q", "expire_date": "2022-12-14T23:32:49.973Z"}}, {"model": "sessions.session", "pk": "gtlv5d76q3boup9dpw7v7e4hq3qfuztu", "fields": {"session_data": ".eJxVjEsOwjAMBe-SNYrsJg0JS_acIbJjQwqokfpZIe4OlbqA7ZuZ9zKZ1qXmddYpD2JOBsEcfkem8tBxI3Kn8dZsaeMyDWw3xe50tpcm-jzv7t9Bpbl-644IFMQlRvVQepSAngSEUscakAW7a89BXSBkcpR89BECHGNJfSTz_gAURTgQ:1ooT6j:-5KtM5WBUwVwZOP0yTsTuaYLu3XdcHrylMEsLn1AZ9I", "expire_date": "2022-11-11T17:25:25.985Z"}}, {"model": "sessions.session", "pk": "hxducbcg7m9oxis6vh9bvi5rpos4hsm8", "fields": {"session_data": ".eJxVjDsOwjAQBe_iGln2-htKes5g7fqDA8iW4qRC3B0ipYD2zcx7sYDbWsM28hLmxM4M2Ol3I4yP3HaQ7thuncfe1mUmviv8oINfe8rPy-H-HVQc9VtLiUIRageeKCZNoChmkUBYKSn76Iz1k6MCBXHyThWtLXljCloki-z9Ae1iOFI:1p0cD4:7Dw2PF_rh7KmutLl-GAt8yRLM7GT1CjyERgJInZ0RNQ", "expire_date": "2022-12-15T05:34:10.400Z"}}, {"model": "sessions.session", "pk": "ktxnbf44ou38djsb9pjte5dkihym9qc7", "fields": {"session_data": "e30:1oo4TZ:TeHxjsl9yO8aEDbwXdCkK13nH1AywbT6hN3clu9fzeI", "expire_date": "2022-11-10T15:07:21.267Z"}}, {"model": "sessions.session", "pk": "l5hjl4rbexsaxisibsecy00wqinbgefx", "fields": {"session_data": ".eJxVjEsOwjAMBe-SNYrsJg0JS_acIbJjQwqokfpZIe4OlbqA7ZuZ9zKZ1qXmddYpD2JOBsEcfkem8tBxI3Kn8dZsaeMyDWw3xe50tpcm-jzv7t9Bpbl-644IFMQlRvVQepSAngSEUscakAW7a89BXSBkcpR89BECHGNJfSTz_gAURTgQ:1ovkBa:WCWVKqw9votFBu4_GVIJowjUyWw_PSe3FiWJTkNi8HQ", "expire_date": "2022-12-01T19:04:30.334Z"}}, {"model": "sessions.session", "pk": "lk6qto0k7ueuux4ljbw48l9zuooajc1g", "fields": {"session_data": ".eJxVjEsOwjAMBe-SNYrsJg0JS_acIbJjQwqokfpZIe4OlbqA7ZuZ9zKZ1qXmddYpD2JOBsEcfkem8tBxI3Kn8dZsaeMyDWw3xe50tpcm-jzv7t9Bpbl-644IFMQlRvVQepSAngSEUscakAW7a89BXSBkcpR89BECHGNJfSTz_gAURTgQ:1ozRe4:M9wTQ94eeJd1B3twcLLkwskSZsLhxP4M0u66K91ZVyw", "expire_date": "2022-12-12T00:05:12.678Z"}}, {"model": "sessions.session", "pk": "m9u4sjqmhxo5ho7qhxoimmlthjk0worf", "fields": {"session_data": ".eJxVjEsOwjAMBe-SNYrsJg0JS_acIbJjQwqokfpZIe4OlbqA7ZuZ9zKZ1qXmddYpD2JOBsEcfkem8tBxI3Kn8dZsaeMyDWw3xe50tpcm-jzv7t9Bpbl-644IFMQlRvVQepSAngSEUscakAW7a89BXSBkcpR89BECHGNJfSTz_gAURTgQ:1p0BCu:Jh4Tfndxo7_BcFMzlOPyuMFcU70rZCNsMsHpr3CDrFQ", "expire_date": "2022-12-14T00:44:12.646Z"}}, {"model": "sessions.session", "pk": "mw9ywmxlppqfir6oi8y3ni3ophwd05pn", "fields": {"session_data": ".eJxVjEsOwjAMBe-SNYrsJg0JS_acIbJjQwqokfpZIe4OlbqA7ZuZ9zKZ1qXmddYpD2JOBsEcfkem8tBxI3Kn8dZsaeMyDWw3xe50tpcm-jzv7t9Bpbl-644IFMQlRvVQepSAngSEUscakAW7a89BXSBkcpR89BECHGNJfSTz_gAURTgQ:1opPpM:ibqiLwix8SzJ6Pz51bskzmJMn751b5p6A2B16Tc8B7w", "expire_date": "2022-11-14T08:07:24.540Z"}}, {"model": "sessions.session", "pk": "n04s14sz8w22owsyz1q21h4y7wsghhky", "fields": {"session_data": ".eJxVjEsOwjAMBe-SNYrsJg0JS_acIbJjQwqokfpZIe4OlbqA7ZuZ9zKZ1qXmddYpD2JOBsEcfkem8tBxI3Kn8dZsaeMyDWw3xe50tpcm-jzv7t9Bpbl-644IFMQlRvVQepSAngSEUscakAW7a89BXSBkcpR89BECHGNJfSTz_gAURTgQ:1ooCSa:K1iPT41gDysYb40v4tYtE10q0r6aVEemmE1cDXClgbw", "expire_date": "2022-11-10T23:38:52.220Z"}}, {"model": "sessions.session", "pk": "oy8wxm7kqzpffhdogwyctgy25msogvjm", "fields": {"session_data": ".eJxVjDsOwjAQBe_iGln2-htKes5g7fqDA8iW4qRC3B0ipYD2zcx7sYDbWsM28hLmxM4M2Ol3I4yP3HaQ7thuncfe1mUmviv8oINfe8rPy-H-HVQc9VtLiUIRageeKCZNoChmkUBYKSn76Iz1k6MCBXHyThWtLXljCloki-z9Ae1iOFI:1ovjpf:lWTSVlbrTHj9XJfyyImGqh98YtU6ynbXfPvYWCcbaPo", "expire_date": "2022-12-01T18:41:51.208Z"}}, {"model": "sessions.session", "pk": "ozdhv5llzx4b217zlnl1w5un5ocjsz12", "fields": {"session_data": ".eJxVjEsOwjAMBe-SNYrsJg0JS_acIbJjQwqokfpZIe4OlbqA7ZuZ9zKZ1qXmddYpD2JOBsEcfkem8tBxI3Kn8dZsaeMyDWw3xe50tpcm-jzv7t9Bpbl-644IFMQlRvVQepSAngSEUscakAW7a89BXSBkcpR89BECHGNJfSTz_gAURTgQ:1opEe2:zZFtiZGO_3cntOFe_sECj14WUZ4y5aVmGUBQH4M_Rg0", "expire_date": "2022-11-13T20:10:58.456Z"}}, {"model": "sessions.session", "pk": "pdr8lg217pbehyd5ae5bhgxvwf5hozlc", "fields": {"session_data": ".eJxVjEsOwjAMBe-SNYrsJg0JS_acIbJjQwqokfpZIe4OlbqA7ZuZ9zKZ1qXmddYpD2JOBsEcfkem8tBxI3Kn8dZsaeMyDWw3xe50tpcm-jzv7t9Bpbl-644IFMQlRvVQepSAngSEUscakAW7a89BXSBkcpR89BECHGNJfSTz_gAURTgQ:1p0ZyF:9Gz3x4Ys3LBVNA2LecZLhG4y3yvY10x4brm6y7B5_Ps", "expire_date": "2022-12-15T03:10:43.461Z"}}, {"model": "sessions.session", "pk": "qrali7h204y6sf05igwe5p9hc10upjkf", "fields": {"session_data": ".eJxVjDsOgzAQRO_iOrIWG39ImZ4zWLteOyaJjIShinL3gESRSFPNezNvEXBbS9haWsLE4io6JS6_JWF8pnoQfmC9zzLOdV0mkociT9rkOHN63U7376BgK_vaAGug6DJEoznnSAm96lxvyZH1WhubBnK-R3DMxihvWSHDHoDBJvH5AhUyOCo:1p0bht:uEW-gTgXs2G56eIytSWu39lrsH4mmPggPxoRUn-YaFg", "expire_date": "2022-12-15T05:01:57.200Z"}}, {"model": "sessions.session", "pk": "s5p1siq2s04al8ez5ug2o77yabo24fcr", "fields": {"session_data": ".eJxVjDsOwjAQBe_iGln2-htKes5g7fqDA8iW4qRC3B0ipYD2zcx7sYDbWsM28hLmxM4M2Ol3I4yP3HaQ7thuncfe1mUmviv8oINfe8rPy-H-HVQc9VtLiUIRageeKCZNoChmkUBYKSn76Iz1k6MCBXHyThWtLXljCloki-z9Ae1iOFI:1ooQQi:kuXoC3_Rg2lMjaXAWI_Oy6YAtmDhb_uqC3supiIXYjk", "expire_date": "2022-11-11T14:33:52.735Z"}}, {"model": "sessions.session", "pk": "sjqzgcaqyhnj8n9s1san8ffhl6scudxw", "fields": {"session_data": ".eJxVjEsOwjAMBe-SNYrsJg0JS_acIbJjQwqokfpZIe4OlbqA7ZuZ9zKZ1qXmddYpD2JOBsEcfkem8tBxI3Kn8dZsaeMyDWw3xe50tpcm-jzv7t9Bpbl-644IFMQlRvVQepSAngSEUscakAW7a89BXSBkcpR89BECHGNJfSTz_gAURTgQ:1p2IPu:qk6DK_X4vAhmmHV5__TToAhdYhusdnNc9lon8VrSIx4", "expire_date": "2022-12-19T20:50:22.052Z"}}, {"model": "sessions.session", "pk": "t5k5n98eelur9g4w0lrl1jyihi9bysfp", "fields": {"session_data": ".eJxVjDsOwjAQBe_iGln2-htKes5g7fqDA8iW4qRC3B0ipYD2zcx7sYDbWsM28hLmxM4M2Ol3I4yP3HaQ7thuncfe1mUmviv8oINfe8rPy-H-HVQc9VtLiUIRageeKCZNoChmkUBYKSn76Iz1k6MCBXHyThWtLXljCloki-z9Ae1iOFI:1ootcR:wep4cFC5yxBGnMuhrAGKqhXYn86bnST0XZzir6pvuis", "expire_date": "2022-11-12T21:43:55.804Z"}}, {"model": "sessions.session", "pk": "udee0bmo7usraddmhst6f6demur2kljm", "fields": {"session_data": ".eJxVjDsOwjAQBe_iGln2-htKes5g7fqDA8iW4qRC3B0ipYD2zcx7sYDbWsM28hLmxM4M2Ol3I4yP3HaQ7thuncfe1mUmviv8oINfe8rPy-H-HVQc9VtLiUIRageeKCZNoChmkUBYKSn76Iz1k6MCBXHyThWtLXljCloki-z9Ae1iOFI:1oo5fj:EU8r7KM4q0v8CY33L6jB9GyTuWz5LqFiH1ZUlYkNsms", "expire_date": "2022-11-10T16:23:59.505Z"}}, {"model": "sessions.session", "pk": "ugxzj69jusmrfiylgs6zkas2rfm5bbfq", "fields": {"session_data": "e30:1oo4Yw:1tjUlYnjZBiojHpPUaNHrHa3vPq2tniL08f3rSltXRE", "expire_date": "2022-11-10T15:12:54.230Z"}}, {"model": "sessions.session", "pk": "uxx0axcdzhhn4kgzd8xsa8q499uo8a68", "fields": {"session_data": ".eJxVjMsOwiAQRf-FtSHQDmVw6d5vaAZmkKqBpI-V8d-1SRe6veec-1IjbWsZt0XmcWJ1Vr06_W6R0kPqDvhO9dZ0anWdp6h3RR900dfG8rwc7t9BoaV8a-fRAvXQQWcMeMAYg5VeHDp2iRISMPmBMRjMg0FHDFZyyBRShzSo9we8tjeD:1ooteO:TAqQlSC6v2TxtIqS8VkeaCfmCKW9LDp2nCcu0OZUf80", "expire_date": "2022-11-12T21:45:56.458Z"}}, {"model": "sessions.session", "pk": "v821ynkgxotqz2c1o74yz5viut0d3hrl", "fields": {"session_data": ".eJxVjMsOwiAQRf-FtSHQDmVw6d5vaAZmkKqBpI-V8d-1SRe6veec-1IjbWsZt0XmcWJ1Vr06_W6R0kPqDvhO9dZ0anWdp6h3RR900dfG8rwc7t9BoaV8a-fRAvXQQWcMeMAYg5VeHDp2iRISMPmBMRjMg0FHDFZyyBRShzSo9we8tjeD:1oo4Au:bhKo34WXEG6UiTg-7IOlfoBFBmBAbYzPcufDrRHjbaQ", "expire_date": "2022-11-10T14:48:04.337Z"}}, {"model": "sessions.session", "pk": "wetlocze9uvhyd4q7cccd9sd0chef8hj", "fields": {"session_data": ".eJxVjEsOwjAMBe-SNYrsJg0JS_acIbJjQwqokfpZIe4OlbqA7ZuZ9zKZ1qXmddYpD2JOBsEcfkem8tBxI3Kn8dZsaeMyDWw3xe50tpcm-jzv7t9Bpbl-644IFMQlRvVQepSAngSEUscakAW7a89BXSBkcpR89BECHGNJfSTz_gAURTgQ:1ozMmV:VAPLP5E3jsb_gXBsLq_G44yawlmdIPzmY1L4j05O4PM", "expire_date": "2022-12-11T18:53:35.156Z"}}, {"model": "sessions.session", "pk": "wz5kiwjkibzerhjqqkmgshb7qbtq0p70", "fields": {"session_data": ".eJxVjEsOwjAMBe-SNYrsJg0JS_acIbJjQwqokfpZIe4OlbqA7ZuZ9zKZ1qXmddYpD2JOBsEcfkem8tBxI3Kn8dZsaeMyDWw3xe50tpcm-jzv7t9Bpbl-644IFMQlRvVQepSAngSEUscakAW7a89BXSBkcpR89BECHGNJfSTz_gAURTgQ:1p09mC:XW7wHKSwkxL6K6yMwIkgfcaFnJPlNRevVO7aU2ghF98", "expire_date": "2022-12-13T23:12:32.933Z"}}, {"model": "sessions.session", "pk": "xyspeicalyde8jtj72967ooo1cqtlyyd", "fields": {"session_data": ".eJxVjEsOwjAMBe-SNYrsJg0JS_acIbJjQwqokfpZIe4OlbqA7ZuZ9zKZ1qXmddYpD2JOBsEcfkem8tBxI3Kn8dZsaeMyDWw3xe50tpcm-jzv7t9Bpbl-644IFMQlRvVQepSAngSEUscakAW7a89BXSBkcpR89BECHGNJfSTz_gAURTgQ:1ozMB5:4V7xB3pmYigV5BpGr2Al-0Os3xuKkseEGqhCioh8LNc", "expire_date": "2022-12-11T18:14:55.834Z"}}, {"model": "sessions.session", "pk": "y4jz3pdbe3a6p6g6zp0mwlhnirhnv09e", "fields": {"session_data": ".eJxVjEsOwjAMBe-SNYrsJg0JS_acIbJjQwqokfpZIe4OlbqA7ZuZ9zKZ1qXmddYpD2JOBsEcfkem8tBxI3Kn8dZsaeMyDWw3xe50tpcm-jzv7t9Bpbl-644IFMQlRvVQepSAngSEUscakAW7a89BXSBkcpR89BECHGNJfSTz_gAURTgQ:1ozLTj:lHXEKNgJImvvpd0xTdhTdsO0WmmgEQZlz88XdGvllbM", "expire_date": "2022-12-11T17:30:07.283Z"}}, {"model": "sessions.session", "pk": "yaodzfr8ga5cr0ss8bfartvxph4qqox2", "fields": {"session_data": ".eJxVjMsOwiAQRf-FtSHQDmVw6d5vaAZmkKqBpI-V8d-1SRe6veec-1IjbWsZt0XmcWJ1Vr06_W6R0kPqDvhO9dZ0anWdp6h3RR900dfG8rwc7t9BoaV8a-fRAvXQQWcMeMAYg5VeHDp2iRISMPmBMRjMg0FHDFZyyBRShzSo9we8tjeD:1oouES:DP-GTH0fjdvGj7FgAqiXlDAieL0JAuOs3PZ7668NN4g", "expire_date": "2022-11-12T22:23:12.681Z"}}, {"model": "sessions.session", "pk": "ysfe60tdnkk3qj6xb68tr5r87kukyldj", "fields": {"session_data": ".eJxVjEsOwjAMBe-SNYrsJg0JS_acIbJjQwqokfpZIe4OlbqA7ZuZ9zKZ1qXmddYpD2JOBsEcfkem8tBxI3Kn8dZsaeMyDWw3xe50tpcm-jzv7t9Bpbl-644IFMQlRvVQepSAngSEUscakAW7a89BXSBkcpR89BECHGNJfSTz_gAURTgQ:1p2InU:kCxtRhYoko3JMAlbNgXjcQ4-mHIhzCuNEebgajXJPI0", "expire_date": "2022-12-19T21:14:44.007Z"}}, {"model": "sessions.session", "pk": "yuzxm6m4nmg0zg6qbljnemwrc8rs9y6h", "fields": {"session_data": ".eJxVjDsOwjAQBe_iGln2-htKes5g7fqDA8iW4qRC3B0ipYD2zcx7sYDbWsM28hLmxM4M2Ol3I4yP3HaQ7thuncfe1mUmviv8oINfe8rPy-H-HVQc9VtLiUIRageeKCZNoChmkUBYKSn76Iz1k6MCBXHyThWtLXljCloki-z9Ae1iOFI:1oo8bH:nFL24F2vksQ61szkTT6tWciDroLTa8lb73QNPMP1ITM", "expire_date": "2022-11-10T19:31:35.545Z"}}, {"model": "sessions.session", "pk": "zmxwuqrw6xdj9z0gd0ko70c7vh2vwkeb", "fields": {"session_data": ".eJxVjDsOwjAQBe_iGln2-htKes5g7fqDA8iW4qRC3B0ipYD2zcx7sYDbWsM28hLmxM4M2Ol3I4yP3HaQ7thuncfe1mUmviv8oINfe8rPy-H-HVQc9VtLiUIRageeKCZNoChmkUBYKSn76Iz1k6MCBXHyThWtLXljCloki-z9Ae1iOFI:1ooCQ2:eSkDGmZevtla8BocRXMByGalYIeackywvbN6PPJhBmw", "expire_date": "2022-11-10T23:36:14.290Z"}}, {"model": "app.friend", "pk": 5, "fields": {"person1": 3, "person2": 9, "money_owed": "0.00"}}, {"model": "app.friend", "pk": 6, "fields": {"person1": 9, "person2": 3, "money_owed": "0.00"}}, {"model": "app.friend", "pk": 7, "fields": {"person1": 3, "person2": 6, "money_owed": "0.00"}}, {"model": "app.friend", "pk": 8, "fields": {"person1": 6, "person2": 3, "money_owed": "0.00"}}, {"model": "app.friend", "pk": 10, "fields": {"person1": 6, "person2": 10, "money_owed": "0.00"}}, {"model": "app.friend", "pk": 12, "fields": {"person1": 9, "person2": 10, "money_owed": "0.00"}}, {"model": "app.friend", "pk": 14, "fields": {"person1": 6, "person2": 10, "money_owed": "0.00"}}, {"model": "app.friend", "pk": 16, "fields": {"person1": 9, "person2": 10, "money_owed": "0.00"}}, {"model": "app.friend", "pk": 17, "fields": {"person1": 10, "person2": 6, "money_owed": "0.00"}}, {"model": "app.friend", "pk": 18, "fields": {"person1": 6, "person2": 10, "money_owed": "0.00"}}, {"model": "app.friend", "pk": 19, "fields": {"person1": 10, "person2": 9, "money_owed": "0.00"}}, {"model": "app.friend", "pk": 20, "fields": {"person1": 9, "person2": 10, "money_owed": "0.00"}}, {"model": "app.friend", "pk": 21, "fields": {"person1": 9, "person2": 11, "money_owed": "0.00"}}, {"model": "app.friend", "pk": 22, "fields": {"person1": 11, "person2": 9, "money_owed": "0.00"}}, {"model": "app.friend", "pk": 23, "fields": {"person1": 10, "person2": 11, "money_owed": "0.00"}}, {"model": "app.friend", "pk": 24, "fields": {"person1": 11, "person2": 10, "money_owed": "0.00"}}, {"model": "app.friend", "pk": 25, "fields": {"person1": 12, "person2": 6, "money_owed": "-80.00"}}, {"model": "app.friend", "pk": 26, "fields": {"person1": 6, "person2": 12, "money_owed": "80.00"}}, {"model": "app.friend", "pk": 27, "fields": {"person1": 12, "person2": 9, "money_owed": "0.00"}}, {"model": "app.friend", "pk": 28, "fields": {"person1": 9, "person2": 12, "money_owed": "0.00"}}, {"model": "app.friend", "pk": 29, "fields": {"person1": 6, "person2": 9, "money_owed": "0.00"}}, {"model": "app.friend", "pk": 30, "fields": {"person1": 9, "person2": 6, "money_owed": "0.00"}}, {"model": "app.friend", "pk": 31, "fields": {"person1": 13, "person2": 9, "money_owed": "0.00"}}, {"model": "app.friend", "pk": 32, "fields": {"person1": 9, "person2": 13, "money_owed": "-39.00"}}, {"model": "app.friend", "pk": 33, "fields": {"person1": 13, "person2": 10, "money_owed": "0.00"}}, {"model": "app.friend", "pk": 34, "fields": {"person1": 10, "person2": 13, "money_owed": "0.00"}}, {"model": "app.friend", "pk": 35, "fields": {"person1": 13, "person2": 6, "money_owed": "0.00"}}, {"model": "app.friend", "pk": 36, "fields": {"person1": 6, "person2": 13, "money_owed": "-5.00"}}, {"model": "app.group", "pk": 2, "fields": {"group_name": "test grp", "no_transactions": 0}}, {"model": "app.group", "pk": 3, "fields": {"group_name": "test stp", "no_transactions": 0}}, {"model": "app.group", "pk": 4, "fields": {"group_name": "dfdsf", "no_transactions": 0}}, {"model": "app.group", "pk": 5, "fields": {"group_name": "test grp", "no_transactions": 0}}, {"model": "app.group", "pk": 6, "fields": {"group_name": "test grp", "no_transactions": 0}}, {"model": "app.group", "pk": 7, "fields": {"group_name": "test grp 2", "no_transactions": 0}}, {"model": "app.group", "pk": 8, "fields": {"group_name": "test dfsfs", "no_transactions": 0}}, {"model": "app.group", "pk": 9, "fields": {"group_name": "test grp on", "no_transactions": 0}}, {"model": "app.group", "pk": 10, "fields": {"group_name": "testGP", "no_transactions": 0}}, {"model": "app.group", "pk": 11, "fields": {"group_name": "ddffd", "no_transactions": 0}}, {"model": "app.group", "pk": 12, "fields": {"group_name": "test", "no_transactions": 0}}, {"model": "app.group", "pk": 13, "fields": {"group_name": "test", "no_transactions": 0}}, {"model": "app.group", "pk": 14, "fields": {"group_name": "test", "no_transactions": 0}}, {"model": "app.group", "pk": 15, "fields": {"group_name": "asdsad", "no_transactions": 0}}, {"model": "app.group", "pk": 16, "fields": {"group_name": "test grp", "no_transactions": 0}}, {"model": "app.group", "pk": 17, "fields": {"group_name": "test grp", "no_transactions": 0}}, {"model": "app.group", "pk": 18, "fields": {"group_name": "test grp", "no_transactions": 0}}, {"model": "app.group", "pk": 19, "fields": {"group_name": "dfdg", "no_transactions": 0}}, {"model": "app.group", "pk": 20, "fields": {"group_name": "dffdg", "no_transactions": 0}}, {"model": "app.group", "pk": 21, "fields": {"group_name": "dffdg", "no_transactions": 0}}, {"model": "app.group", "pk": 22, "fields": {"group_name": "dffdg", "no_transactions": 0}}, {"model": "app.group", "pk": 23, "fields": {"group_name": "sdaf", "no_transactions": 0}}, {"model": "app.group", "pk": 24, "fields": {"group_name": "fdg", "no_transactions": 0}}, {"model": "app.membership", "pk": 1, "fields": {"friend": 10, "group": 10, "money_owed": "0.00"}}, {"model": "app.membership", "pk": 2, "fields": {"friend": 9, "group": 10, "money_owed": "0.00"}}, {"model": "app.membership", "pk": 3, "fields": {"friend": 10, "group": 11, "money_owed": "0.00"}}, {"model": "app.membership", "pk": 4, "fields": {"friend": 11, "group": 11, "money_owed": "0.00"}}, {"model": "app.membership", "pk": 5, "fields": {"friend": 10, "group": 12, "money_owed": "0.00"}}, {"model": "app.membership", "pk": 6, "fields": {"friend": 6, "group": 12, "money_owed": "0.00"}}, {"model": "app.membership", "pk": 7, "fields": {"friend": 10, "group": 13, "money_owed": "0.00"}}, {"model": "app.membership", "pk": 8, "fields": {"friend": 6, "group": 13, "money_owed": "0.00"}}, {"model": "app.membership", "pk": 9, "fields": {"friend": 10, "group": 14, "money_owed": "0.00"}}, {"model": "app.membership", "pk": 10, "fields": {"friend": 6, "group": 14, "money_owed": "0.00"}}, {"model": "app.membership", "pk": 11, "fields": {"friend": 10, "group": 15, "money_owed": "0.00"}}, {"model": "app.membership", "pk": 12, "fields": {"friend": 9, "group": 15, "money_owed": "0.00"}}, {"model": "app.membership", "pk": 13, "fields": {"friend": 10, "group": 16, "money_owed": "0.00"}}, {"model": "app.membership", "pk": 14, "fields": {"friend": 9, "group": 16, "money_owed": "0.00"}}, {"model": "app.membership", "pk": 15, "fields": {"friend": 10, "group": 17, "money_owed": "0.00"}}, {"model": "app.membership", "pk": 16, "fields": {"friend": 9, "group": 17, "money_owed": "0.00"}}, {"model": "app.membership", "pk": 17, "fields": {"friend": 10, "group": 18, "money_owed": "0.00"}}, {"model": "app.membership", "pk": 18, "fields": {"friend": 9, "group": 18, "money_owed": "0.00"}}, {"model": "app.membership", "pk": 19, "fields": {"friend": 10, "group": 19, "money_owed": "0.00"}}, {"model": "app.membership", "pk": 20, "fields": {"friend": 9, "group": 19, "money_owed": "0.00"}}, {"model": "app.membership", "pk": 21, "fields": {"friend": 10, "group": 20, "money_owed": "0.00"}}, {"model": "app.membership", "pk": 22, "fields": {"friend": 9, "group": 20, "money_owed": "0.00"}}, {"model": "app.membership", "pk": 23, "fields": {"friend": 11, "group": 20, "money_owed": "0.00"}}, {"model": "app.membership", "pk": 24, "fields": {"friend": 10, "group": 21, "money_owed": "0.00"}}, {"model": "app.membership", "pk": 25, "fields": {"friend": 9, "group": 21, "money_owed": "0.00"}}, {"model": "app.membership", "pk": 26, "fields": {"friend": 11, "group": 21, "money_owed": "0.00"}}, {"model": "app.membership", "pk": 27, "fields": {"friend": 10, "group": 22, "money_owed": "0.00"}}, {"model": "app.membership", "pk": 28, "fields": {"friend": 9, "group": 22, "money_owed": "0.00"}}, {"model": "app.membership", "pk": 29, "fields": {"friend": 11, "group": 22, "money_owed": "0.00"}}, {"model": "app.membership", "pk": 30, "fields": {"friend": 10, "group": 23, "money_owed": "0.00"}}, {"model": "app.membership", "pk": 31, "fields": {"friend": 6, "group": 23, "money_owed": "0.00"}}, {"model": "app.membership", "pk": 32, "fields": {"friend": 9, "group": 23, "money_owed": "0.00"}}, {"model": "app.membership", "pk": 33, "fields": {"friend": 13, "group": 24, "money_owed": "0.00"}}, {"model": "app.membership", "pk": 34, "fields": {"friend": 6, "group": 24, "money_owed": "0.00"}}, {"model": "app.membership", "pk": 35, "fields": {"friend": 9, "group": 24, "money_owed": "0.00"}}, {"model": "app.transaction", "pk": 1, "fields": {"group": null, "group_transaction_id": 0, "lender": 11, "borrower": 11, "added_by": 10, "paid_by": 11, "description": "xdvxcv", "amount": "20.00", "tag": "Travel", "date": "2022-12-01T02:58:09.437Z"}}, {"model": "app.transaction", "pk": 2, "fields": {"group": null, "group_transaction_id": 0, "lender": 11, "borrower": 10, "added_by": 10, "paid_by": 11, "description": "xdvxcv", "amount": "20.00", "tag": "Travel", "date": "2022-12-01T02:58:09.462Z"}}, {"model": "app.transaction", "pk": 3, "fields": {"group": null, "group_transaction_id": 0, "lender": 11, "borrower": 11, "added_by": 10, "paid_by": 11, "description": "rettert", "amount": "20.00", "tag": "", "date": "2022-12-01T03:03:18.882Z"}}, {"model": "app.transaction", "pk": 4, "fields": {"group": null, "group_transaction_id": 0, "lender": 11, "borrower": 10, "added_by": 10, "paid_by": 11, "description": "rettert", "amount": "20.00", "tag": "", "date": "2022-12-01T03:03:18.909Z"}}, {"model": "app.transaction", "pk": 5, "fields": {"group": null, "group_transaction_id": 0, "lender": 11, "borrower": 11, "added_by": 10, "paid_by": 11, "description": "cvbcvb", "amount": "20.00", "tag": "", "date": "2022-12-01T03:04:11.645Z"}}, {"model": "app.transaction", "pk": 6, "fields": {"group": null, "group_transaction_id": 0, "lender": 11, "borrower": 10, "added_by": 10, "paid_by": 11, "description": "cvbcvb", "amount": "20.00", "tag": "", "date": "2022-12-01T03:04:11.674Z"}}, {"model": "app.transaction", "pk": 7, "fields": {"group": null, "group_transaction_id": 0, "lender": 11, "borrower": 6, "added_by": 10, "paid_by": 11, "description": "cvbcvb", "amount": "20.00", "tag": "", "date": "2022-12-01T03:04:11.733Z"}}, {"model": "app.transaction", "pk": 8, "fields": {"group": null, "group_transaction_id": 0, "lender": 11, "borrower": 11, "added_by": 10, "paid_by": 11, "description": "dsfdsf", "amount": "20.00", "tag": "", "date": "2022-12-01T04:50:14.460Z"}}, {"model": "app.transaction", "pk": 9, "fields": {"group": null, "group_transaction_id": 0, "lender": 11, "borrower": 10, "added_by": 10, "paid_by": 11, "description": "dsfdsf", "amount": "20.00", "tag": "", "date": "2022-12-01T04:50:14.475Z"}}, {"model": "app.transaction", "pk": 10, "fields": {"group": null, "group_transaction_id": 0, "lender": 11, "borrower": 6, "added_by": 10, "paid_by": 11, "description": "dsfdsf", "amount": "20.00", "tag": "", "date": "2022-12-01T04:50:14.511Z"}}, {"model": "app.transaction", "pk": 11, "fields": {"group": null, "group_transaction_id": 0, "lender": 9, "borrower": 9, "added_by": 10, "paid_by": 9, "description": "jyuyi", "amount": "20.00", "tag": "", "date": "2022-12-01T04:59:32.636Z"}}, {"model": "app.transaction", "pk": 12, "fields": {"group": null, "group_transaction_id": 0, "lender": 9, "borrower": 10, "added_by": 10, "paid_by": 9, "description": "jyuyi", "amount": "20.00", "tag": "", "date": "2022-12-01T04:59:32.650Z"}}, {"model": "app.transaction", "pk": 13, "fields": {"group": null, "group_transaction_id": 0, "lender": 9, "borrower": 9, "added_by": 10, "paid_by": 9, "description": "jyuyi", "amount": "20.00", "tag": "", "date": "2022-12-01T04:59:37.429Z"}}, {"model": "app.transaction", "pk": 14, "fields": {"group": null, "group_transaction_id": 0, "lender": 9, "borrower": 10, "added_by": 10, "paid_by": 9, "description": "jyuyi", "amount": "20.00", "tag": "", "date": "2022-12-01T04:59:37.439Z"}}, {"model": "app.transaction", "pk": 15, "fields": {"group": null, "group_transaction_id": 0, "lender": 9, "borrower": 9, "added_by": 10, "paid_by": 9, "description": "jyuyi", "amount": "20.00", "tag": "", "date": "2022-12-01T04:59:45.202Z"}}, {"model": "app.transaction", "pk": 16, "fields": {"group": null, "group_transaction_id": 0, "lender": 9, "borrower": 10, "added_by": 10, "paid_by": 9, "description": "jyuyi", "amount": "20.00", "tag": "", "date": "2022-12-01T04:59:45.214Z"}}, {"model": "app.transaction", "pk": 17, "fields": {"group": null, "group_transaction_id": 0, "lender": 6, "borrower": 6, "added_by": 10, "paid_by": 6, "description": "jyuyi", "amount": "20.00", "tag": "", "date": "2022-12-01T05:00:16.991Z"}}, {"model": "app.transaction", "pk": 18, "fields": {"group": null, "group_transaction_id": 0, "lender": 6, "borrower": 10, "added_by": 10, "paid_by": 6, "description": "jyuyi", "amount": "20.00", "tag": "", "date": "2022-12-01T05:00:17.004Z"}}, {"model": "app.transaction", "pk": 19, "fields": {"group": null, "group_transaction_id": 0, "lender": 6, "borrower": 6, "added_by": 12, "paid_by": 6, "description": "rest", "amount": "30.00", "tag": "Food", "date": "2022-12-01T05:06:37.874Z"}}, {"model": "app.transaction", "pk": 20, "fields": {"group": null, "group_transaction_id": 0, "lender": 6, "borrower": 12, "added_by": 12, "paid_by": 6, "description": "rest", "amount": "30.00", "tag": "Food", "date": "2022-12-01T05:06:37.901Z"}}, {"model": "app.transaction", "pk": 21, "fields": {"group": null, "group_transaction_id": 0, "lender": 6, "borrower": 9, "added_by": 12, "paid_by": 6, "description": "rest", "amount": "30.00", "tag": "Food", "date": "2022-12-01T05:06:37.935Z"}}, {"model": "app.transaction", "pk": 22, "fields": {"group": null, "group_transaction_id": 0, "lender": 6, "borrower": 6, "added_by": 12, "paid_by": 6, "description": "etwet", "amount": "50.00", "tag": "", "date": "2022-12-01T05:08:44.329Z"}}, {"model": "app.transaction", "pk": 23, "fields": {"group": null, "group_transaction_id": 0, "lender": 6, "borrower": 12, "added_by": 12, "paid_by": 6, "description": "etwet", "amount": "50.00", "tag": "", "date": "2022-12-01T05:08:44.342Z"}}, {"model": "app.transaction", "pk": 24, "fields": {"group": null, "group_transaction_id": 0, "lender": 6, "borrower": 9, "added_by": 12, "paid_by": 6, "description": "etwet", "amount": "50.00", "tag": "", "date": "2022-12-01T05:08:44.373Z"}}, {"model": "app.transaction", "pk": 25, "fields": {"group": null, "group_transaction_id": 0, "lender": 10, "borrower": 10, "added_by": 13, "paid_by": 10, "description": "safaff", "amount": "10.00", "tag": "", "date": "2022-12-01T06:19:28.875Z"}}, {"model": "app.transaction", "pk": 26, "fields": {"group": null, "group_transaction_id": 0, "lender": 10, "borrower": 13, "added_by": 13, "paid_by": 10, "description": "safaff", "amount": "10.00", "tag": "", "date": "2022-12-01T06:19:28.899Z"}}, {"model": "app.transaction", "pk": 27, "fields": {"group": null, "group_transaction_id": 0, "lender": 10, "borrower": 6, "added_by": 13, "paid_by": 10, "description": "safaff", "amount": "10.00", "tag": "", "date": "2022-12-01T06:19:28.941Z"}}, {"model": "app.transaction", "pk": 28, "fields": {"group": null, "group_transaction_id": 0, "lender": 13, "borrower": 10, "added_by": 10, "paid_by": 13, "description": "test desc font", "amount": "75.00", "tag": "", "date": "2022-12-01T22:54:59.445Z"}}, {"model": "app.transaction", "pk": 29, "fields": {"group": null, "group_transaction_id": 0, "lender": 6, "borrower": 10, "added_by": 10, "paid_by": 6, "description": "sdfsdf", "amount": "1.50", "tag": "Electronics", "date": "2022-12-01T22:57:42.734Z"}}, {"model": "app.transaction", "pk": 30, "fields": {"group": null, "group_transaction_id": 0, "lender": 13, "borrower": 10, "added_by": 10, "paid_by": 13, "description": "asdsad", "amount": "12.00", "tag": "Services", "date": "2022-12-01T23:06:07.860Z"}}, {"model": "app.transaction", "pk": 31, "fields": {"group": null, "group_transaction_id": 0, "lender": 13, "borrower": 9, "added_by": 10, "paid_by": 13, "description": "asdsad", "amount": "24.00", "tag": "Services", "date": "2022-12-01T23:06:07.912Z"}}, {"model": "app.transaction", "pk": 32, "fields": {"group": null, "group_transaction_id": 1, "lender": 13, "borrower": 10, "added_by": 10, "paid_by": 13, "description": "test desc", "amount": "5.00", "tag": "Shopping", "date": "2022-12-01T23:11:42.747Z"}}, {"model": "app.transaction", "pk": 33, "fields": {"group": null, "group_transaction_id": 1, "lender": 13, "borrower": 9, "added_by": 10, "paid_by": 13, "description": "test desc", "amount": "15.00", "tag": "Shopping", "date": "2022-12-01T23:11:42.790Z"}}, {"model": "app.transaction", "pk": 34, "fields": {"group": null, "group_transaction_id": 1, "lender": 13, "borrower": 6, "added_by": 10, "paid_by": 13, "description": "test desc", "amount": "5.00", "tag": "Shopping", "date": "2022-12-01T23:11:42.820Z"}}, {"model": "app.transaction", "pk": 35, "fields": {"group": null, "group_transaction_id": 0, "lender": 10, "borrower": 11, "added_by": 10, "paid_by": 10, "description": "Settling!", "amount": "80.00", "tag": "st", "date": "2022-12-02T01:41:38.331Z"}}, {"model": "app.transaction", "pk": 36, "fields": {"group": null, "group_transaction_id": 0, "lender": 9, "borrower": 10, "added_by": 10, "paid_by": 9, "description": "test desc", "amount": "9.00", "tag": "Travel", "date": "2022-12-02T12:24:42.791Z"}}, {"model": "app.transaction", "pk": 37, "fields": {"group": null, "group_transaction_id": 0, "lender": 10, "borrower": 6, "added_by": 10, "paid_by": 10, "description": "Settling!", "amount": "11.50", "tag": "st", "date": "2022-12-02T12:25:36.932Z"}}, {"model": "app.transaction", "pk": 38, "fields": {"group": null, "group_transaction_id": 1, "lender": 9, "borrower": 9, "added_by": 10, "paid_by": 9, "description": "paid for trip", "amount": "20.00", "tag": "Travel", "date": "2022-12-02T12:28:20.484Z"}}, {"model": "app.transaction", "pk": 39, "fields": {"group": null, "group_transaction_id": 1, "lender": 9, "borrower": 10, "added_by": 10, "paid_by": 9, "description": "paid for trip", "amount": "20.00", "tag": "Travel", "date": "2022-12-02T12:28:20.502Z"}}, {"model": "app.transaction", "pk": 40, "fields": {"group": null, "group_transaction_id": 1, "lender": 9, "borrower": 9, "added_by": 10, "paid_by": 9, "description": "paid for trip", "amount": "20.00", "tag": "Travel", "date": "2022-12-02T12:28:23.364Z"}}, {"model": "app.transaction", "pk": 41, "fields": {"group": null, "group_transaction_id": 1, "lender": 9, "borrower": 10, "added_by": 10, "paid_by": 9, "description": "paid for trip", "amount": "20.00", "tag": "Travel", "date": "2022-12-02T12:28:23.379Z"}}, {"model": "app.transaction", "pk": 42, "fields": {"group": null, "group_transaction_id": 0, "lender": 10, "borrower": 9, "added_by": 10, "paid_by": 10, "description": "Settling!", "amount": "109.00", "tag": "st", "date": "2022-12-02T12:31:14.596Z"}}, {"model": "app.transaction", "pk": 43, "fields": {"group": null, "group_transaction_id": 1, "lender": 11, "borrower": 10, "added_by": 10, "paid_by": 11, "description": "test sdasf", "amount": "2.00", "tag": "Travel", "date": "2022-12-02T12:32:20.159Z"}}, {"model": "app.transaction", "pk": 44, "fields": {"group": null, "group_transaction_id": 1, "lender": 11, "borrower": 6, "added_by": 10, "paid_by": 11, "description": "test sdasf", "amount": "2.00", "tag": "Travel", "date": "2022-12-02T12:32:20.208Z"}}, {"model": "app.transaction", "pk": 45, "fields": {"group": null, "group_transaction_id": 1, "lender": 10, "borrower": 11, "added_by": 10, "paid_by": 10, "description": "Settling!", "amount": "2.00", "tag": "st", "date": "2022-12-02T12:32:31.060Z"}}, {"model": "app.transaction", "pk": 46, "fields": {"group": null, "group_transaction_id": 0, "lender": 11, "borrower": 10, "added_by": 10, "paid_by": 11, "description": "test desc", "amount": "6.00", "tag": "Travel", "date": "2022-12-02T12:36:30.517Z"}}, {"model": "app.transaction", "pk": 47, "fields": {"group": null, "group_transaction_id": 0, "lender": 11, "borrower": 6, "added_by": 10, "paid_by": 11, "description": "test desc", "amount": "30.00", "tag": "Travel", "date": "2022-12-02T12:36:30.593Z"}}, {"model": "app.transaction", "pk": 48, "fields": {"group": null, "group_transaction_id": 0, "lender": 10, "borrower": 11, "added_by": 10, "paid_by": 10, "description": "Settling!", "amount": "6.00", "tag": "st", "date": "2022-12-02T12:37:55.194Z"}}, {"model": "app.transaction", "pk": 49, "fields": {"group": null, "group_transaction_id": 1, "lender": 10, "borrower": 13, "added_by": 10, "paid_by": 10, "description": "Settling!", "amount": "82.00", "tag": "st", "date": "2022-12-02T12:51:23.170Z"}}, {"model": "app.transaction", "pk": 50, "fields": {"group": null, "group_transaction_id": 2, "lender": 11, "borrower": 10, "added_by": 10, "paid_by": 11, "description": "test desc", "amount": "24.00", "tag": "Travel", "date": "2022-12-02T12:52:50.917Z"}}, {"model": "app.transaction", "pk": 51, "fields": {"group": null, "group_transaction_id": 2, "lender": 11, "borrower": 6, "added_by": 10, "paid_by": 11, "description": "test desc", "amount": "120.00", "tag": "Travel", "date": "2022-12-02T12:52:50.963Z"}}, {"model": "app.transaction", "pk": 52, "fields": {"group": null, "group_transaction_id": 2, "lender": 10, "borrower": 11, "added_by": 10, "paid_by": 10, "description": "Settling!", "amount": "24.00", "tag": "st", "date": "2022-12-02T12:55:10.826Z"}}, {"model": "app.transaction", "pk": 53, "fields": {"group": null, "group_transaction_id": 3, "lender": 11, "borrower": 10, "added_by": 10, "paid_by": 11, "description": "des", "amount": "12.00", "tag": "", "date": "2022-12-02T13:23:17.363Z"}}, {"model": "app.transaction", "pk": 54, "fields": {"group": null, "group_transaction_id": 3, "lender": 11, "borrower": 6, "added_by": 10, "paid_by": 11, "description": "des", "amount": "108.00", "tag": "", "date": "2022-12-02T13:23:17.415Z"}}, {"model": "app.transaction", "pk": 55, "fields": {"group": null, "group_transaction_id": 3, "lender": 11, "borrower": 10, "added_by": 10, "paid_by": 11, "description": "des", "amount": "12.00", "tag": "", "date": "2022-12-02T13:23:21.000Z"}}, {"model": "app.transaction", "pk": 56, "fields": {"group": null, "group_transaction_id": 3, "lender": 11, "borrower": 6, "added_by": 10, "paid_by": 11, "description": "des", "amount": "108.00", "tag": "", "date": "2022-12-02T13:23:21.051Z"}}, {"model": "app.transaction", "pk": 57, "fields": {"group": null, "group_transaction_id": 3, "lender": 10, "borrower": 11, "added_by": 10, "paid_by": 10, "description": "Settling!", "amount": "24.00", "tag": "st", "date": "2022-12-02T13:23:28.296Z"}}]